{"cameraMode":{"drawMode":0,"name":"Shaded","section":"Shading Mode"},"sceneLighting":false,"audioPlay":false,"sceneViewState":{"showFog":true,"showMaterialUpdate":false,"showSkybox":false,"showFlares":true,"showImageEffects":true,"showParticleSystems":true,"showVisualEffectGraphs":true,"m_FxEnabled":true},"in2DMode":false,"pivot":{"x":-0.26352405548095705,"y":0.001421213150024414,"z":-0.48885250091552737},"rotation":{"x":0.11244775354862213,"y":0.7543232440948486,"z":-0.13398271799087525,"w":0.6328861117362976},"size":6.026183128356934,"orthographic":false}